[{"model": "myapp.topic", "pk": 2, "fields": {"name": "Web Development", "category": "Development"}}, {"model": "myapp.topic", "pk": 3, "fields": {"name": "Management", "category": "Business"}}, {"model": "myapp.topic", "pk": 4, "fields": {"name": "Economics", "category": "Finance & Accounting"}}, {"model": "myapp.topic", "pk": 5, "fields": {"name": "IT Certification", "category": "IT & Software"}}, {"model": "myapp.topic", "pk": 6, "fields": {"name": "Sports", "category": "Health & Fitness"}}, {"model": "myapp.course", "pk": 1, "fields": {"topic": 5, "name": "CCNA", "price": "199.99", "for_everyone": true, "description": "", "interested": 2, "stages": 3}}, {"model": "myapp.course", "pk": 2, "fields": {"topic": 5, "name": "AWS", "price": "119.99", "for_everyone": true, "description": "", "interested": 0, "stages": 4}}, {"model": "myapp.course", "pk": 3, "fields": {"topic": 5, "name": "CompTIA Security", "price": "139.99", "for_everyone": true, "description": "", "interested": 0, "stages": 3}}, {"model": "myapp.course", "pk": 4, "fields": {"topic": 5, "name": "Oracle SQL", "price": "159.99", "for_everyone": true, "description": "", "interested": 0, "stages": 3}}, {"model": "myapp.course", "pk": 5, "fields": {"topic": 4, "name": "Microeconomics", "price": "199.99", "for_everyone": true, "description": "", "interested": 7, "stages": 3}}, {"model": "myapp.course", "pk": 6, "fields": {"topic": 4, "name": "Introduction to Economics", "price": "174.99", "for_everyone": true, "description": "", "interested": 0, "stages": 3}}, {"model": "myapp.course", "pk": 7, "fields": {"topic": 4, "name": "Global Economics", "price": "149.99", "for_everyone": true, "description": "", "interested": 3, "stages": 3}}, {"model": "myapp.course", "pk": 8, "fields": {"topic": 2, "name": "Web Development Bootcamp", "price": "199.99", "for_everyone": true, "description": "", "interested": 0, "stages": 3}}, {"model": "myapp.course", "pk": 9, "fields": {"topic": 2, "name": "Web Design", "price": "159.99", "for_everyone": true, "description": "", "interested": 0, "stages": 3}}, {"model": "myapp.course", "pk": 10, "fields": {"topic": 2, "name": "Web Development Mastercalss", "price": "124.99", "for_everyone": true, "description": "", "interested": 0, "stages": 2}}, {"model": "myapp.course", "pk": 11, "fields": {"topic": 2, "name": "Build Responsive Websites", "price": "149.99", "for_everyone": true, "description": "", "interested": 0, "stages": 5}}, {"model": "myapp.course", "pk": 12, "fields": {"topic": 3, "name": "Innovation for Business", "price": "174.99", "for_everyone": true, "description": "", "interested": 0, "stages": 3}}, {"model": "myapp.course", "pk": 13, "fields": {"topic": 3, "name": "Leadership Skills", "price": "174.99", "for_everyone": true, "description": "", "interested": 0, "stages": 4}}, {"model": "myapp.course", "pk": 14, "fields": {"topic": 3, "name": "Project Management", "price": "149.99", "for_everyone": true, "description": "", "interested": 0, "stages": 2}}, {"model": "myapp.student", "pk": 6, "fields": {"school": "123 University Avenue", "city": "WS", "interested_in": [2, 3, 4, 5]}}, {"model": "myapp.student", "pk": 7, "fields": {"school": "235 Sunset Avenue", "city": "VC", "interested_in": [2, 4]}}, {"model": "myapp.student", "pk": 8, "fields": {"school": "306 Prince Street", "city": "CG", "interested_in": [3, 4, 5]}}, {"model": "myapp.student", "pk": 9, "fields": {"school": "442 Sunset Avenue", "city": "MR", "interested_in": [4, 5]}}, {"model": "myapp.student", "pk": 10, "fields": {"school": "987 King Street", "city": "WS", "interested_in": [3]}}, {"model": "myapp.student", "pk": 31, "fields": {"school": "ghj", "city": "VC", "interested_in": [2, 6]}}, {"model": "myapp.student", "pk": 32, "fields": {"school": "123 University Avenue", "city": "CG", "interested_in": [2, 3]}}, {"model": "myapp.order", "pk": 1, "fields": {"course": 8, "student": 7, "levels": 2, "order_status": 1, "order_date": "2022-06-06T00:26:53Z"}}, {"model": "myapp.order", "pk": 2, "fields": {"course": 14, "student": 7, "levels": 1, "order_status": 1, "order_date": "2022-06-06T00:27:15Z"}}, {"model": "myapp.order", "pk": 3, "fields": {"course": 1, "student": 6, "levels": 3, "order_status": 1, "order_date": "2022-06-06T00:27:27Z"}}, {"model": "myapp.order", "pk": 4, "fields": {"course": 5, "student": 10, "levels": 1, "order_status": 1, "order_date": "2022-06-06T00:27:50Z"}}, {"model": "myapp.order", "pk": 5, "fields": {"course": 11, "student": 10, "levels": 3, "order_status": 1, "order_date": "2022-06-06T00:28:08Z"}}, {"model": "myapp.order", "pk": 6, "fields": {"course": 2, "student": 8, "levels": 2, "order_status": 0, "order_date": "2022-06-06T00:28:25Z"}}, {"model": "myapp.order", "pk": 7, "fields": {"course": 6, "student": 6, "levels": 4, "order_status": 0, "order_date": "2022-06-06T00:28:39Z"}}, {"model": "myapp.order", "pk": 8, "fields": {"course": 3, "student": 9, "levels": 1, "order_status": 1, "order_date": "2022-06-06T00:28:49Z"}}, {"model": "myapp.order", "pk": 9, "fields": {"course": 7, "student": 6, "levels": 1, "order_status": 1, "order_date": "2022-06-06T00:29:02Z"}}, {"model": "myapp.order", "pk": 10, "fields": {"course": 11, "student": 6, "levels": 1, "order_status": 1, "order_date": "2022-01-01T00:00:00Z"}}, {"model": "myapp.order", "pk": 11, "fields": {"course": 11, "student": 6, "levels": 1, "order_status": 1, "order_date": "2022-01-01T00:00:00Z"}}, {"model": "myapp.order", "pk": 12, "fields": {"course": 11, "student": 6, "levels": 1, "order_status": 1, "order_date": "2022-01-01T00:00:00Z"}}, {"model": "myapp.order", "pk": 13, "fields": {"course": 11, "student": 6, "levels": 5, "order_status": 1, "order_date": "2022-01-01T00:00:00Z"}}, {"model": "myapp.order", "pk": 14, "fields": {"course": 11, "student": 6, "levels": 5, "order_status": 1, "order_date": "2022-01-01T00:00:00Z"}}, {"model": "myapp.order", "pk": 15, "fields": {"course": 11, "student": 6, "levels": 5, "order_status": 1, "order_date": "2022-01-01T00:00:00Z"}}, {"model": "myapp.order", "pk": 16, "fields": {"course": 9, "student": 7, "levels": 3, "order_status": 1, "order_date": "2022-01-01T00:00:00Z"}}, {"model": "myapp.order", "pk": 17, "fields": {"course": 9, "student": 7, "levels": 3, "order_status": 1, "order_date": "2022-01-01T00:00:00Z"}}, {"model": "myapp.order", "pk": 18, "fields": {"course": 4, "student": 7, "levels": 1, "order_status": 1, "order_date": "2022-01-01T00:00:00Z"}}, {"model": "myapp.order", "pk": 19, "fields": {"course": 13, "student": 6, "levels": 2, "order_status": 1, "order_date": "2022-01-01T00:00:00Z"}}]